Date,Close
02-04-2012,1194.25
03-04-2012,1178
04-04-2012,1178.45
09-04-2012,1164.1
10-04-2012,1156.2
11-04-2012,1138.1
12-04-2012,1131.65
13-04-2012,1068.35
16-04-2012,1069.75
17-04-2012,1090.85
18-04-2012,1097.55
19-04-2012,1102.95
20-04-2012,1088.45
23-04-2012,1064.25
24-04-2012,1194.2
25-04-2012,1171.05
26-04-2012,1194.65
27-04-2012,1204
28-04-2012,1201.85
30-04-2012,1246.6
02-05-2012,1267.25
03-05-2012,1279.5
04-05-2012,1276.8
07-05-2012,1273.25
08-05-2012,1200.7
09-05-2012,1225.55
10-05-2012,1232.55
11-05-2012,1230.75
14-05-2012,1225.95
15-05-2012,1226.3
16-05-2012,1223.4
17-05-2012,1222
18-05-2012,1210.65
21-05-2012,1209.2
22-05-2012,1224.05
23-05-2012,1225.15
24-05-2012,1221.45
25-05-2012,1220.8
28-05-2012,1224.7
29-05-2012,1240.35
30-05-2012,1240.55
31-05-2012,1245.35
01-06-2012,1224.6
04-06-2012,1213.25
05-06-2012,1226.5
06-06-2012,1251.15
07-06-2012,1240.2
08-06-2012,1230.9
11-06-2012,1233.55
12-06-2012,1248.1
13-06-2012,1250.4
14-06-2012,1254
15-06-2012,1272.45
18-06-2012,1257.15
19-06-2012,1273.95
20-06-2012,1252.8
21-06-2012,1224.05
22-06-2012,1233.45
25-06-2012,1216.75
26-06-2012,1235.1
27-06-2012,1246.7
28-06-2012,1258.85
29-06-2012,1277.45
02-07-2012,1259.45
03-07-2012,1239.4
04-07-2012,1247.85
05-07-2012,1240.6
06-07-2012,1247.75
09-07-2012,1259.4
10-07-2012,1261.7
11-07-2012,1258.3
12-07-2012,1236
13-07-2012,1249.4
16-07-2012,1207.35
17-07-2012,1185.9
18-07-2012,1195.3
19-07-2012,1201
20-07-2012,1223.05
23-07-2012,1214.25
24-07-2012,1209.15
25-07-2012,1213.15
26-07-2012,1198.45
27-07-2012,1225.3
30-07-2012,1231
31-07-2012,1243.65
01-08-2012,1224.65
02-08-2012,1232.8
03-08-2012,1236.9
06-08-2012,1228.9
07-08-2012,1264.05
08-08-2012,1249.2
09-08-2012,1258.15
10-08-2012,1280.05
13-08-2012,1266.3
14-08-2012,1268.4
16-08-2012,1263.55
17-08-2012,1278.6
21-08-2012,1298.65
22-08-2012,1291.65
23-08-2012,1323.45
24-08-2012,1322.85
27-08-2012,1320.45
28-08-2012,1350.9
29-08-2012,1343.3
30-08-2012,1367.15
31-08-2012,1343.75
03-09-2012,1337.85
04-09-2012,1340.85
05-09-2012,1364.5
06-09-2012,1375.6
07-09-2012,1386.7
08-09-2012,1386.5
10-09-2012,1371.45
11-09-2012,1392.65
12-09-2012,1414.9
13-09-2012,1417.7
14-09-2012,1413.1
17-09-2012,1342.1
18-09-2012,1299.8
20-09-2012,1322
21-09-2012,1304.05
24-09-2012,1289.45
25-09-2012,1293.2
26-09-2012,1285.6
27-09-2012,1271.55
28-09-2012,1295.9
01-10-2012,1302.95
03-10-2012,1322.65
04-10-2012,1317.15
05-10-2012,1304
08-10-2012,1292.7
09-10-2012,1294.85
10-10-2012,1289.35
11-10-2012,1289.45
12-10-2012,1298.45
15-10-2012,1294.65
16-10-2012,1295.9
17-10-2012,1283.15
18-10-2012,1307.35
19-10-2012,1289.7
22-10-2012,1318.9
23-10-2012,1314.6
25-10-2012,1315.35
26-10-2012,1315.3
29-10-2012,1308.4
30-10-2012,1311.5
31-10-2012,1315.5
01-11-2012,1315.25
02-11-2012,1331.2
05-11-2012,1329.6
06-11-2012,1320.55
07-11-2012,1331.5
08-11-2012,1331.2
09-11-2012,1324.95
12-11-2012,1334.5
13-11-2012,1325.3
15-11-2012,1294.15
16-11-2012,1286.8
19-11-2012,1262.35
20-11-2012,1272.8
21-11-2012,1282.2
22-11-2012,1276.45
23-11-2012,1288.6
26-11-2012,1293.7
27-11-2012,1295.2
29-11-2012,1298.1
30-11-2012,1314
03-12-2012,1316.8
04-12-2012,1299.45
05-12-2012,1297.9
06-12-2012,1280.7
07-12-2012,1264.15
10-12-2012,1237.2
11-12-2012,1219.7
12-12-2012,1225.8
13-12-2012,1222.55
14-12-2012,1242.9
17-12-2012,1205.5
18-12-2012,1210.65
19-12-2012,1232.65
20-12-2012,1252.05
21-12-2012,1258.7
24-12-2012,1266.2
26-12-2012,1262.2
27-12-2012,1250.95
28-12-2012,1267.5
31-12-2012,1255.85
01-01-2013,1264.15
02-01-2013,1263.3
03-01-2013,1280.6
04-01-2013,1299.2
07-01-2013,1294.85
08-01-2013,1300.25
09-01-2013,1276.6
10-01-2013,1258.4
11-01-2013,1306.35
14-01-2013,1334.5
15-01-2013,1337.45
16-01-2013,1347.75
17-01-2013,1362
18-01-2013,1351
21-01-2013,1330
22-01-2013,1317.5
23-01-2013,1311.95
24-01-2013,1328.55
25-01-2013,1340.5
28-01-2013,1345.05
29-01-2013,1344.95
30-01-2013,1346.15
31-01-2013,1344.15
01-02-2013,1348.1
04-02-2013,1356.35
05-02-2013,1360.05
06-02-2013,1370.55
07-02-2013,1387.15
08-02-2013,1422.6
11-02-2013,1414.7
12-02-2013,1410.05
13-02-2013,1435.4
14-02-2013,1447.7
15-02-2013,1442.15
18-02-2013,1425.35
19-02-2013,1443.55
20-02-2013,1452.8
21-02-2013,1451.05
22-02-2013,1455.1
25-02-2013,1473.7
26-02-2013,1496.4
27-02-2013,1483.2
28-02-2013,1517
01-03-2013,1501.85
04-03-2013,1513.2
05-03-2013,1540.15
06-03-2013,1561.2
07-03-2013,1589.9
08-03-2013,1583.15
11-03-2013,1566.2
12-03-2013,1560.5
13-03-2013,1551.7
14-03-2013,1567.7
15-03-2013,1570.25
18-03-2013,1566.95
19-03-2013,1546.75
20-03-2013,1557.65
21-03-2013,1559.95
22-03-2013,1542.15
25-03-2013,1543.35
26-03-2013,1556.35
28-03-2013,1575.75
01-04-2013,1556.85
02-04-2013,1567.35
03-04-2013,1543.4
04-04-2013,1507.8
05-04-2013,1498.35
08-04-2013,1480.75
09-04-2013,1497.4
10-04-2013,1530.45
11-04-2013,1536.9
12-04-2013,1511.75
15-04-2013,1472.45
16-04-2013,1483.15
17-04-2013,1456.65
18-04-2013,1452.75
22-04-2013,1425.3
23-04-2013,1430.55
25-04-2013,1402.3
26-04-2013,1369.35
29-04-2013,1370.75
30-04-2013,1378.4
02-05-2013,1433.9
03-05-2013,1418.5
06-05-2013,1467.2
07-05-2013,1471.6
08-05-2013,1480.1
09-05-2013,1498.45
10-05-2013,1495.9
11-05-2013,1489.65
13-05-2013,1451.6
14-05-2013,1457.95
15-05-2013,1471.55
16-05-2013,1454.05
17-05-2013,1473.8
20-05-2013,1472.4
21-05-2013,1492.85
22-05-2013,1498.4
23-05-2013,1492.7
24-05-2013,1469.55
27-05-2013,1498
28-05-2013,1514.1
29-05-2013,1497.35
30-05-2013,1499.4
31-05-2013,1498.45
03-06-2013,1469.4
04-06-2013,1465.35
05-06-2013,1467.8
06-06-2013,1470.75
07-06-2013,1518.95
10-06-2013,1525.05
11-06-2013,1501.55
12-06-2013,1468.1
13-06-2013,1445.65
14-06-2013,1450.7
17-06-2013,1452.45
18-06-2013,1443.8
19-06-2013,1427.7
20-06-2013,1404.5
21-06-2013,1422.25
24-06-2013,1410.7
25-06-2013,1392.3
26-06-2013,1437.7
27-06-2013,1491.9
28-06-2013,1518.15
01-07-2013,1492.35
02-07-2013,1500.55
03-07-2013,1489.8
04-07-2013,1538.3
05-07-2013,1530.2
08-07-2013,1506.65
09-07-2013,1504.9
10-07-2013,1511.95
11-07-2013,1564.55
12-07-2013,1609.85
15-07-2013,1641.75
16-07-2013,1649.35
17-07-2013,1678.5
18-07-2013,1660.4
19-07-2013,1742.8
22-07-2013,1746.5
23-07-2013,1749.8
24-07-2013,1782.8
25-07-2013,1795.75
26-07-2013,1774.5
29-07-2013,1779.2
30-07-2013,1792.3
31-07-2013,1815.5
01-08-2013,1815.4
02-08-2013,1845.85
05-08-2013,1867.2
06-08-2013,1870.1
07-08-2013,1822.7
08-08-2013,1845.4
12-08-2013,1814
13-08-2013,1819.8
14-08-2013,1833.5
16-08-2013,1780.9
19-08-2013,1777.45
20-08-2013,1736.4
21-08-2013,1717.8
22-08-2013,1778.95
23-08-2013,1829.45
26-08-2013,1842
27-08-2013,1838.8
28-08-2013,1907.9
29-08-2013,1947.1
30-08-2013,2033.2
02-09-2013,2056.85
03-09-2013,2001.1
04-09-2013,2069.1
05-09-2013,1990.75
06-09-2013,1988.8
10-09-2013,1987.9
11-09-2013,1993.8
12-09-2013,1967.9
13-09-2013,1953.75
16-09-2013,1902.55
17-09-2013,1947.45
18-09-2013,1954.5
19-09-2013,1966.3
20-09-2013,1950.3
23-09-2013,1955.1
24-09-2013,1939.5
25-09-2013,1959.05
26-09-2013,1942.9
27-09-2013,1948.1
30-09-2013,1927.8
01-10-2013,1949.05
03-10-2013,2024.6
04-10-2013,2033.6
07-10-2013,2089.75
08-10-2013,2061.45
09-10-2013,2090.85
10-10-2013,2080
11-10-2013,2122.05
14-10-2013,2212.75
15-10-2013,2215.4
17-10-2013,2108.45
18-10-2013,2120.65
21-10-2013,2071.65
22-10-2013,2089.35
23-10-2013,2061.15
24-10-2013,2008.7
25-10-2013,2067.75
28-10-2013,2063.95
29-10-2013,2069.8
30-10-2013,2091.95
31-10-2013,2112.05
01-11-2013,2097.6
03-11-2013,2099
05-11-2013,2042
06-11-2013,2091.1
07-11-2013,2121.95
08-11-2013,2090.85
11-11-2013,2094.65
12-11-2013,2087.15
13-11-2013,2049
14-11-2013,2026.2
18-11-2013,2044
19-11-2013,2029.9
20-11-2013,2023.6
21-11-2013,1986.6
22-11-2013,2000.85
25-11-2013,2013.25
26-11-2013,1993.7
27-11-2013,1986.45
28-11-2013,1984.6
29-11-2013,2004.35
02-12-2013,2013.9
03-12-2013,2020.8
04-12-2013,2000.05
05-12-2013,1987.15
06-12-2013,2000.3
09-12-2013,2004.85
10-12-2013,2082.75
11-12-2013,2058.05
12-12-2013,2028.9
13-12-2013,2001.8
16-12-2013,2019.15
17-12-2013,2045.35
18-12-2013,2055.8
19-12-2013,2081.5
20-12-2013,2120.55
23-12-2013,2109.05
24-12-2013,2110.7
26-12-2013,2100.3
27-12-2013,2160.65
30-12-2013,2156.05
31-12-2013,2172.05
01-01-2014,2153.3
02-01-2014,2167
03-01-2014,2222.2
06-01-2014,2239.6
07-01-2014,2206.15
08-01-2014,2232.65
09-01-2014,2241.95
10-01-2014,2280.9
13-01-2014,2368.75
14-01-2014,2326.75
15-01-2014,2353.6
16-01-2014,2350.3
17-01-2014,2213.05
20-01-2014,2338.2
21-01-2014,2280.3
22-01-2014,2274.05
23-01-2014,2252.45
24-01-2014,2248.7
27-01-2014,2229.6
28-01-2014,2212.35
29-01-2014,2209.8
30-01-2014,2217.6
31-01-2014,2241.05
03-02-2014,2194.45
04-02-2014,2151.35
05-02-2014,2194.4
06-02-2014,2175.25
07-02-2014,2144.4
10-02-2014,2093.55
11-02-2014,2101.7
12-02-2014,2105.45
13-02-2014,2133.75
14-02-2014,2167.9
17-02-2014,2165.4
18-02-2014,2166
19-02-2014,2197.95
20-02-2014,2189.35
21-02-2014,2205.7
24-02-2014,2177.9
25-02-2014,2188.9
26-02-2014,2182.15
28-02-2014,2275.75
03-03-2014,2240.05
04-03-2014,2240.65
05-03-2014,2251.9
06-03-2014,2240.75
07-03-2014,2228.5
10-03-2014,2142.65
11-03-2014,2151.65
12-03-2014,2179.45
13-03-2014,2149.55
14-03-2014,2139.55
18-03-2014,2122
19-03-2014,2039.4
20-03-2014,2108.2
21-03-2014,2127
22-03-2014,2128.25
24-03-2014,2152.6
25-03-2014,2146.65
26-03-2014,2093.5
27-03-2014,2094.25
28-03-2014,2102.1
31-03-2014,2133.15
01-04-2014,2176.7
02-04-2014,2172.25
03-04-2014,2166.5
04-04-2014,2138.85
07-04-2014,2153.8
09-04-2014,2140.4
10-04-2014,2126.15
11-04-2014,2164.1
15-04-2014,2252.75
16-04-2014,2196.3
17-04-2014,2222.9
21-04-2014,2221.75
22-04-2014,2221.05
23-04-2014,2213.75
25-04-2014,2205.25
28-04-2014,2191.35
29-04-2014,2194.25
30-04-2014,2189.2
02-05-2014,2208.45
05-05-2014,2213.7
06-05-2014,2198.9
07-05-2014,2165.55
08-05-2014,2162.05
09-05-2014,2159.9
12-05-2014,2159.35
13-05-2014,2210.95
14-05-2014,2216.1
15-05-2014,2193.15
16-05-2014,2160.75
19-05-2014,2036.7
20-05-2014,2068.2
21-05-2014,2082.85
22-05-2014,2111.95
23-05-2014,2127.9
26-05-2014,2154
27-05-2014,2131.45
28-05-2014,2150.55
29-05-2014,2159.95
30-05-2014,2141.35
02-06-2014,2129.85
03-06-2014,2128.6
04-06-2014,2089.25
05-06-2014,2104.15
06-06-2014,2084.25
09-06-2014,2113.8
10-06-2014,2158.15
11-06-2014,2206.95
12-06-2014,2237.35
13-06-2014,2213.55
16-06-2014,2269.75
17-06-2014,2279.85
18-06-2014,2227.05
19-06-2014,2276.05
20-06-2014,2292.4
23-06-2014,2268.85
24-06-2014,2309.05
25-06-2014,2310.55
26-06-2014,2307.65
27-06-2014,2399.55
30-06-2014,2425.4
01-07-2014,2390.75
02-07-2014,2401.6
03-07-2014,2417.9
04-07-2014,2410.5
07-07-2014,2488.55
08-07-2014,2449.45
09-07-2014,2398.15
10-07-2014,2351.8
11-07-2014,2394.45
14-07-2014,2426.25
15-07-2014,2399.3
16-07-2014,2401.85
17-07-2014,2381.95
18-07-2014,2441.2
21-07-2014,2463.75
22-07-2014,2532.4
23-07-2014,2586.15
24-07-2014,2595.2
25-07-2014,2605.75
28-07-2014,2589.3
30-07-2014,2595.05
31-07-2014,2580.05
01-08-2014,2516.4
04-08-2014,2526.05
05-08-2014,2523.7
06-08-2014,2506.65
07-08-2014,2469.8
08-08-2014,2478.7
11-08-2014,2468.4
12-08-2014,2471.75
13-08-2014,2500.05
14-08-2014,2499.75
18-08-2014,2487.6
19-08-2014,2438.5
20-08-2014,2436.2
21-08-2014,2432.45
22-08-2014,2464.2
25-08-2014,2522.05
26-08-2014,2533.8
27-08-2014,2549.95
28-08-2014,2522.35
01-09-2014,2537.15
02-09-2014,2537.9
03-09-2014,2606.4
04-09-2014,2584.75
05-09-2014,2598.6
08-09-2014,2642.7
09-09-2014,2631.25
10-09-2014,2600.15
11-09-2014,2598.35
12-09-2014,2607.6
15-09-2014,2558.3
16-09-2014,2550.85
17-09-2014,2591.2
18-09-2014,2642.3
19-09-2014,2714.2
22-09-2014,2721.8
23-09-2014,2688.2
24-09-2014,2643
25-09-2014,2708.6
26-09-2014,2684
29-09-2014,2767.95
30-09-2014,2736.6
01-10-2014,2775.6
07-10-2014,2731.35
08-10-2014,2683.2
09-10-2014,2706.05
10-10-2014,2678.5
13-10-2014,2716.55
14-10-2014,2699.2
16-10-2014,2678.1
17-10-2014,2441.15
20-10-2014,2423.3
21-10-2014,2433.4
22-10-2014,2451.85
23-10-2014,2465.35
27-10-2014,2457.15
28-10-2014,2478.6
29-10-2014,2506.05
30-10-2014,2558.2
31-10-2014,2607.85
03-11-2014,2590.35
05-11-2014,2599.5
07-11-2014,2572.85
10-11-2014,2569.65
11-11-2014,2580.7
12-11-2014,2591.75
13-11-2014,2588.45
14-11-2014,2606.45
17-11-2014,2618.3
18-11-2014,2585.85
19-11-2014,2573.75
20-11-2014,2605.45
21-11-2014,2622.15
24-11-2014,2657.7
25-11-2014,2636
26-11-2014,2627.3
27-11-2014,2653.3
28-11-2014,2643
01-12-2014,2692.95
02-12-2014,2657.3
03-12-2014,2635.35
04-12-2014,2637.95
05-12-2014,2578.95
08-12-2014,2512.8
09-12-2014,2514.85
10-12-2014,2507.9
11-12-2014,2492.15
12-12-2014,2450.7
15-12-2014,2358.65
16-12-2014,2443.05
17-12-2014,2444.1
18-12-2014,2460.7
19-12-2014,2510.55
22-12-2014,2513.4
23-12-2014,2516.7
24-12-2014,2479.9
26-12-2014,2505
29-12-2014,2522.9
30-12-2014,2530.05
31-12-2014,2558.25
01-01-2015,2545.55
02-01-2015,2579.45
05-01-2015,2540.25
06-01-2015,2446.6
07-01-2015,2417.7
08-01-2015,2443.8
09-01-2015,2512.3
12-01-2015,2509.7
13-01-2015,2497.9
14-01-2015,2521.95
15-01-2015,2539.1
16-01-2015,2532.15
19-01-2015,2511
20-01-2015,2500.45
21-01-2015,2513.8
22-01-2015,2513.55
23-01-2015,2503.6
27-01-2015,2502.05
28-01-2015,2539.6
29-01-2015,2544.65
30-01-2015,2482.05
02-02-2015,2514.2
03-02-2015,2558.25
04-02-2015,2514.3
05-02-2015,2552.4
06-02-2015,2575.75
09-02-2015,2512.9
10-02-2015,2441.15
11-02-2015,2459.9
12-02-2015,2462.15
13-02-2015,2538.75
16-02-2015,2584.8
18-02-2015,2635.65
19-02-2015,2681.05
20-02-2015,2675.55
23-02-2015,2696.65
24-02-2015,2704.75
25-02-2015,2672.2
26-02-2015,2656.45
27-02-2015,2662.35
28-02-2015,2675.25
02-03-2015,2669.4
03-03-2015,2776
04-03-2015,2746
05-03-2015,2696.45
09-03-2015,2646.8
10-03-2015,2642.7
11-03-2015,2606.55
12-03-2015,2619.05
13-03-2015,2582.35
16-03-2015,2562.3
17-03-2015,2583.7
18-03-2015,2559.35
19-03-2015,2596.25
20-03-2015,2610.95
23-03-2015,2617.15
24-03-2015,2591.3
25-03-2015,2573.75
26-03-2015,2513.1
27-03-2015,2514.8
30-03-2015,2564.15
31-03-2015,2553.95
01-04-2015,2542.65
06-04-2015,2547.3
07-04-2015,2585
08-04-2015,2641.4
09-04-2015,2664.55
10-04-2015,2653.75
13-04-2015,2655.5
15-04-2015,2627.75
16-04-2015,2582.8
17-04-2015,2474.85
20-04-2015,2428.8
21-04-2015,2427.05
22-04-2015,2445.1
23-04-2015,2457.25
24-04-2015,2493.05
27-04-2015,2500.2
28-04-2015,2495
29-04-2015,2487.3
30-04-2015,2463.7
04-05-2015,2481.55
05-05-2015,2517.85
06-05-2015,2463.05
07-05-2015,2545.25
08-05-2015,2527.25
11-05-2015,2556
12-05-2015,2522.9
13-05-2015,2515.4
14-05-2015,2499.25
15-05-2015,2511.15
18-05-2015,2520.4
19-05-2015,2512.7
20-05-2015,2557.05
21-05-2015,2555.5
22-05-2015,2617.9
25-05-2015,2601
26-05-2015,2608.85
27-05-2015,2615.25
28-05-2015,2609.5
29-05-2015,2610.3
01-06-2015,2617.75
02-06-2015,2599.9
03-06-2015,2610.9
04-06-2015,2605.65
05-06-2015,2575.85
08-06-2015,2577.45
09-06-2015,2561.65
10-06-2015,2600.75
11-06-2015,2571.3
12-06-2015,2505.8
15-06-2015,2504.8
16-06-2015,2512
17-06-2015,2513.8
18-06-2015,2530.05
19-06-2015,2549.55
22-06-2015,2591.5
23-06-2015,2574.6
24-06-2015,2570.3
25-06-2015,2550
26-06-2015,2592.8
29-06-2015,2592.9
30-06-2015,2550.95
01-07-2015,2593.1
02-07-2015,2577.75
03-07-2015,2603.9
06-07-2015,2633.3
07-07-2015,2616.25
08-07-2015,2595.1
09-07-2015,2522.5
10-07-2015,2474.35
13-07-2015,2509.55
14-07-2015,2499.5
15-07-2015,2545.75
16-07-2015,2540.2
17-07-2015,2564.4
20-07-2015,2579.15
21-07-2015,2561.4
22-07-2015,2528.05
23-07-2015,2488.6
24-07-2015,2505.15
27-07-2015,2497.05
28-07-2015,2502.05
29-07-2015,2506.75
30-07-2015,2480.65
31-07-2015,2510.75
03-08-2015,2509.6
04-08-2015,2508.9
05-08-2015,2547.15
06-08-2015,2573.3
07-08-2015,2552.05
10-08-2015,2572.1
11-08-2015,2604.2
12-08-2015,2604.2
12-08-2015,2671.7
13-08-2015,2635.6
14-08-2015,2703.2
17-08-2015,2684.75
18-08-2015,2740.9
19-08-2015,2733.6
20-08-2015,2686.85
21-08-2015,2676.15
24-08-2015,2578.65
25-08-2015,2567.15
26-08-2015,2576.75
27-08-2015,2574.65
28-08-2015,2570.85
31-08-2015,2564.05
01-09-2015,2537.4
02-09-2015,2591.8
03-09-2015,2605.6
04-09-2015,2547.45
07-09-2015,2539.75
08-09-2015,2540.3
09-09-2015,2549.75
10-09-2015,2545.4
11-09-2015,2552
14-09-2015,2551.65
15-09-2015,2547.6
16-09-2015,2550.35
18-09-2015,2551.25
21-09-2015,2551.05
22-09-2015,2526.8
23-09-2015,2532.65
24-09-2015,2580.4
28-09-2015,2593.7
29-09-2015,2588.25
30-09-2015,2588.05
01-10-2015,2644.6
05-10-2015,2711.65
06-10-2015,2700
07-10-2015,2653.95
08-10-2015,2633.8
09-10-2015,2629.65
12-10-2015,2592.6
13-10-2015,2598.55
14-10-2015,2483.7
15-10-2015,2467.75
16-10-2015,2473.75
19-10-2015,2488.75
20-10-2015,2526.75
21-10-2015,2530
23-10-2015,2537.15
26-10-2015,2536.55
27-10-2015,2531.1
28-10-2015,2529.1
29-10-2015,2495.35
30-10-2015,2495.2
02-11-2015,2517.35
03-11-2015,2543.45
04-11-2015,2533.8
05-11-2015,2482.65
06-11-2015,2505.75
09-11-2015,2471.35
10-11-2015,2458.15
11-11-2015,2468.8
13-11-2015,2397.4
16-11-2015,2374.6
17-11-2015,2390.55
18-11-2015,2351.45
19-11-2015,2362.55
20-11-2015,2398.35
23-11-2015,2391.05
24-11-2015,2367.95
26-11-2015,2345.55
27-11-2015,2353.35
30-11-2015,2364.7
01-12-2015,2361.9
02-12-2015,2365.2
03-12-2015,2350.75
04-12-2015,2328.4
07-12-2015,2319.8
08-12-2015,2329
09-12-2015,2367.65
10-12-2015,2384.55
11-12-2015,2386
14-12-2015,2378.45
15-12-2015,2375.85
16-12-2015,2408.4
17-12-2015,2439.75
18-12-2015,2416.8
21-12-2015,2446.4
22-12-2015,2405.05
23-12-2015,2425.8
24-12-2015,2434.25
28-12-2015,2462.7
29-12-2015,2455.8
30-12-2015,2418.3
31-12-2015,2436.85
01-01-2016,2416.4
04-01-2016,2369.6
05-01-2016,2348.95
06-01-2016,2381.6
07-01-2016,2371.25
08-01-2016,2397.6
11-01-2016,2362.35
12-01-2016,2327.05
13-01-2016,2279.2
14-01-2016,2278.8
15-01-2016,2261.1
18-01-2016,2277.65
19-01-2016,2279.3
20-01-2016,2280.1
21-01-2016,2254.5
22-01-2016,2295.75
25-01-2016,2304.65
27-01-2016,2319.75
28-01-2016,2331.2
29-01-2016,2391.3
01-02-2016,2402.7
02-02-2016,2398.1
03-02-2016,2416.3
04-02-2016,2420.05
05-02-2016,2421.95
08-02-2016,2362.95
09-02-2016,2281.4
10-02-2016,2268.8
11-02-2016,2197.95
12-02-2016,2226.6
15-02-2016,2269.15
16-02-2016,2265.55
17-02-2016,2275.55
18-02-2016,2315.85
19-02-2016,2319.65
22-02-2016,2315.9
23-02-2016,2264
24-02-2016,2210.95
25-02-2016,2212.85
26-02-2016,2210.5
29-02-2016,2176.8
01-03-2016,2276.65
02-03-2016,2318.85
03-03-2016,2373.15
04-03-2016,2357.55
08-03-2016,2354.3
09-03-2016,2357.25
10-03-2016,2348.3
11-03-2016,2365.25
14-03-2016,2355
15-03-2016,2329.9
16-03-2016,2327.05
17-03-2016,2352.05
18-03-2016,2425.85
21-03-2016,2446.25
22-03-2016,2473.1
23-03-2016,2473.8
28-03-2016,2473.4
29-03-2016,2469.4
30-03-2016,2489.5
31-03-2016,2520.3
01-04-2016,2453.9
04-04-2016,2471.25
05-04-2016,2462.75
06-04-2016,2481.9
07-04-2016,2470.8
08-04-2016,2432.05
11-04-2016,2506.65
12-04-2016,2518.15
13-04-2016,2526.2
18-04-2016,2519.75
20-04-2016,2450.35
21-04-2016,2424.4
22-04-2016,2417.05
25-04-2016,2451.25
26-04-2016,2489.8
27-04-2016,2511.1
28-04-2016,2527.75
29-04-2016,2535.5
02-05-2016,2526.7
03-05-2016,2478.1
04-05-2016,2478
05-05-2016,2470.3
06-05-2016,2473.4
09-05-2016,2512.55
10-05-2016,2522.9
11-05-2016,2518.3
12-05-2016,2566.2
13-05-2016,2523.4
16-05-2016,2551.15
17-05-2016,2570.2
18-05-2016,2551.1
19-05-2016,2556.95
20-05-2016,2529.3
23-05-2016,2491.45
24-05-2016,2467.7
25-05-2016,2526.45
26-05-2016,2548.7
27-05-2016,2572.65
30-05-2016,2636.4
31-05-2016,2569.4
01-06-2016,2633.55
02-06-2016,2650.15
03-06-2016,2629.55
06-06-2016,2612.5
07-06-2016,2631.15
08-06-2016,2613.1
09-06-2016,2577.25
10-06-2016,2555.75
13-06-2016,2547
14-06-2016,2534.85
15-06-2016,2556.85
16-06-2016,2558.3
17-06-2016,2602.6
20-06-2016,2659.3
21-06-2016,2651.2
22-06-2016,2667.65
23-06-2016,2645.35
24-06-2016,2573.95
27-06-2016,2495.85
28-06-2016,2463.95
29-06-2016,2502.9
30-06-2016,2553.1
01-07-2016,2500.85
04-07-2016,2494.2
05-07-2016,2485.3
07-07-2016,2429.8
08-07-2016,2426.6
11-07-2016,2464.15
12-07-2016,2464.95
13-07-2016,2493.1
14-07-2016,2521.9
15-07-2016,2445.35
18-07-2016,2433.45
19-07-2016,2466.2
20-07-2016,2494.95
21-07-2016,2506.05
22-07-2016,2515.1
25-07-2016,2558.95
26-07-2016,2552.6
27-07-2016,2577.55
28-07-2016,2619.25
29-07-2016,2619.3
01-08-2016,2708.25
02-08-2016,2699.2
03-08-2016,2656.3
04-08-2016,2652
05-08-2016,2649.1
08-08-2016,2649.5
09-08-2016,2650.2
10-08-2016,2675.4
11-08-2016,2709.9
12-08-2016,2738.45
16-08-2016,2691.7
17-08-2016,2624.55
18-08-2016,2638.55
19-08-2016,2603.5
22-08-2016,2548.7
23-08-2016,2601.05
24-08-2016,2572.05
25-08-2016,2551.05
26-08-2016,2524.95
29-08-2016,2500.55
30-08-2016,2544.15
31-08-2016,2511.3
01-09-2016,2507.5
02-09-2016,2514.8
06-09-2016,2484.05
07-09-2016,2440.55
08-09-2016,2322.1
09-09-2016,2352.45
12-09-2016,2359.05
14-09-2016,2328.45
15-09-2016,2326.95
16-09-2016,2361.7
19-09-2016,2411.45
20-09-2016,2406.5
21-09-2016,2413.4
22-09-2016,2378
23-09-2016,2398.1
26-09-2016,2401.1
27-09-2016,2436.1
28-09-2016,2423.05
29-09-2016,2437.8
30-09-2016,2430.8
03-10-2016,2411.7
04-10-2016,2405.15
05-10-2016,2386.35
06-10-2016,2388.75
07-10-2016,2367.8
10-10-2016,2380.3
13-10-2016,2328.9
14-10-2016,2366.2
17-10-2016,2362.45
18-10-2016,2400.2
19-10-2016,2395.1
20-10-2016,2401.15
21-10-2016,2428.65
24-10-2016,2427.7
25-10-2016,2398.45
26-10-2016,2396.25
27-10-2016,2418.1
28-10-2016,2398.7
30-10-2016,2391.05
01-11-2016,2350
02-11-2016,2304.05
03-11-2016,2319.45
04-11-2016,2330.55
07-11-2016,2277.05
08-11-2016,2283.2
09-11-2016,2169.85
10-11-2016,2155.45
11-11-2016,2101.15
15-11-2016,2121.3
16-11-2016,2189.6
17-11-2016,2137.2
18-11-2016,2125.1
21-11-2016,2132.9
22-11-2016,2135
23-11-2016,2156.35
24-11-2016,2188.45
25-11-2016,2300.35
28-11-2016,2282.6
29-11-2016,2259.85
30-11-2016,2276.05
01-12-2016,2263.45
02-12-2016,2221.85
05-12-2016,2186
06-12-2016,2182.35
07-12-2016,2154.55
08-12-2016,2195.75
09-12-2016,2195.25
12-12-2016,2208.2
13-12-2016,2200.3
14-12-2016,2207.6
15-12-2016,2259.3
16-12-2016,2282.65
19-12-2016,2288.9
20-12-2016,2339.3
21-12-2016,2313.6
22-12-2016,2307.7
23-12-2016,2288.1
26-12-2016,2293.1
27-12-2016,2323.4
28-12-2016,2313.4
29-12-2016,2351.7
30-12-2016,2365.55
02-01-2017,2361.35
03-01-2017,2368.25
04-01-2017,2379.5
05-01-2017,2334.4
06-01-2017,2281.4
09-01-2017,2303.7
10-01-2017,2315.35
11-01-2017,2324.4
12-01-2017,2344.35
13-01-2017,2249.3
16-01-2017,2258.55
17-01-2017,2278.75
18-01-2017,2295.1
19-01-2017,2291
20-01-2017,2285.35
23-01-2017,2306.7
24-01-2017,2318.35
25-01-2017,2353
27-01-2017,2357.8
30-01-2017,2332.9
31-01-2017,2229.8
01-02-2017,2167.9
02-02-2017,2207.65
03-02-2017,2232.55
06-02-2017,2240.75
07-02-2017,2244.6
08-02-2017,2270.95
09-02-2017,2317.3
10-02-2017,2397.95
13-02-2017,2414.25
14-02-2017,2406.25
15-02-2017,2413.7
16-02-2017,2447.75
17-02-2017,2407.9
20-02-2017,2502.2
21-02-2017,2465.35
22-02-2017,2411.5
23-02-2017,2481.8
27-02-2017,2489.85
28-02-2017,2466.25
01-03-2017,2479.55
02-03-2017,2501.45
03-03-2017,2494.05
06-03-2017,2472.5
07-03-2017,2499.8
08-03-2017,2512.2
09-03-2017,2519.75
10-03-2017,2542.25
14-03-2017,2567.5
15-03-2017,2498.3
16-03-2017,2520.9
17-03-2017,2525.75
20-03-2017,2480
21-03-2017,2486.7
22-03-2017,2478.95
23-03-2017,2460.35
24-03-2017,2427.2
27-03-2017,2412.05
28-03-2017,2429.95
29-03-2017,2444.6
30-03-2017,2441
31-03-2017,2431.8
03-04-2017,2411.7
05-04-2017,2401.25
06-04-2017,2400.05
07-04-2017,2429.05
10-04-2017,2422.25
11-04-2017,2419.3
12-04-2017,2393.25
13-04-2017,2328.65
17-04-2017,2314.85
18-04-2017,2308.8
19-04-2017,2299.15
20-04-2017,2325.5
21-04-2017,2310.8
24-04-2017,2328.1
25-04-2017,2311.5
26-04-2017,2310.35
27-04-2017,2302.65
28-04-2017,2273.15
02-05-2017,2289.9
03-05-2017,2337.3
04-05-2017,2330.1
05-05-2017,2320.5
08-05-2017,2342.45
09-05-2017,2352.55
10-05-2017,2332.45
11-05-2017,2349.45
12-05-2017,2360.65
15-05-2017,2365.1
16-05-2017,2429.15
17-05-2017,2455.35
18-05-2017,2536.2
19-05-2017,2507.15
22-05-2017,2531.35
23-05-2017,2521.7
24-05-2017,2559.15
25-05-2017,2624.6
26-05-2017,2578.25
29-05-2017,2572.85
30-05-2017,2551.1
31-05-2017,2546.6
01-06-2017,2553.6
02-06-2017,2564.9
05-06-2017,2603.95
06-06-2017,2696
07-06-2017,2615.25
08-06-2017,2521.6
09-06-2017,2507
12-06-2017,2487.2
13-06-2017,2451.55
14-06-2017,2470.2
15-06-2017,2411.2
16-06-2017,2399.7
19-06-2017,2431.7
20-06-2017,2445
21-06-2017,2406.3
22-06-2017,2394.85
23-06-2017,2361.7
27-06-2017,2342.85
28-06-2017,2350.05
29-06-2017,2333.25
30-06-2017,2362.35
03-07-2017,2373.6
04-07-2017,2366.85
05-07-2017,2356
06-07-2017,2347.55
07-07-2017,2331.95
10-07-2017,2434.95
11-07-2017,2475.8
12-07-2017,2439.45
13-07-2017,2446.4
14-07-2017,2397.45
17-07-2017,2395.45
18-07-2017,2408.35
19-07-2017,2449.6
20-07-2017,2444.7
21-07-2017,2491.2
24-07-2017,2530.7
25-07-2017,2571.5
26-07-2017,2556
27-07-2017,2481.7
28-07-2017,2484.3
31-07-2017,2491.8
01-08-2017,2501.65
02-08-2017,2473.8
03-08-2017,2489.45
04-08-2017,2522.8
07-08-2017,2503.45
08-08-2017,2503.05
09-08-2017,2512
10-08-2017,2511.45
11-08-2017,2496.05
14-08-2017,2469.4
16-08-2017,2492.35
17-08-2017,2485.65
18-08-2017,2513.8
21-08-2017,2528.8
22-08-2017,2497.55
23-08-2017,2489.45
24-08-2017,2496.6
28-08-2017,2487.3
29-08-2017,2470.85
30-08-2017,2484.55
31-08-2017,2496.35
01-09-2017,2456.45
04-09-2017,2456.2
05-09-2017,2484.35
06-09-2017,2453.2
07-09-2017,2460.1
08-09-2017,2470.6
11-09-2017,2454.45
12-09-2017,2488.45
13-09-2017,2489.2
14-09-2017,2486.95
15-09-2017,2506.05
18-09-2017,2499.05
19-09-2017,2498.25
20-09-2017,2493.55
21-09-2017,2524.9
22-09-2017,2503.6
25-09-2017,2510.75
26-09-2017,2474.65
27-09-2017,2495
28-09-2017,2476.45
29-09-2017,2435.95
03-10-2017,2448.45
04-10-2017,2442.3
05-10-2017,2429.6
06-10-2017,2446.65
09-10-2017,2454.1
10-10-2017,2459.25
11-10-2017,2500.35
12-10-2017,2548.2
13-10-2017,2558.6
16-10-2017,2584.4
17-10-2017,2594.55
18-10-2017,2586.6
19-10-2017,2583.9
23-10-2017,2587.9
24-10-2017,2578.4
25-10-2017,2559.9
26-10-2017,2538.85
27-10-2017,2584.3
30-10-2017,2616.2
31-10-2017,2624
01-11-2017,2602.85
02-11-2017,2626.15
03-11-2017,2620.1
06-11-2017,2665.55
07-11-2017,2710.05
08-11-2017,2735
09-11-2017,2736.4
10-11-2017,2708.75
13-11-2017,2758.95
14-11-2017,2714.6
15-11-2017,2705.3
16-11-2017,2746.65
17-11-2017,2707.3
20-11-2017,2703.45
21-11-2017,2672.95
22-11-2017,2680.65
23-11-2017,2681.25
24-11-2017,2688.05
27-11-2017,2685.85
28-11-2017,2685.3
29-11-2017,2658.15
30-11-2017,2637
01-12-2017,2629.95
04-12-2017,2632.35
05-12-2017,2635.55
06-12-2017,2633.3
07-12-2017,2617.25
08-12-2017,2601.5
11-12-2017,2661.1
12-12-2017,2612.15
13-12-2017,2628.4
14-12-2017,2557.8
15-12-2017,2545.6
18-12-2017,2580.5
19-12-2017,2575.3
20-12-2017,2588.95
21-12-2017,2595.7
22-12-2017,2646.75
26-12-2017,2649.45
27-12-2017,2619.9
28-12-2017,2626.95
29-12-2017,2701.2
01-01-2018,2645.6
02-01-2018,2631.2
03-01-2018,2638.65
04-01-2018,2657.1
05-01-2018,2689.2
08-01-2018,2714.4
09-01-2018,2709
10-01-2018,2806.6
11-01-2018,2790.5
12-01-2018,2776.35
15-01-2018,2746.1
16-01-2018,2850.85
17-01-2018,2888.95
18-01-2018,2918.2
19-01-2018,2959.3
22-01-2018,3116.4
23-01-2018,3102
24-01-2018,3174.6
25-01-2018,3121.05
29-01-2018,3198.85
30-01-2018,3152.85
31-01-2018,3112.35
01-02-2018,3138.6
02-02-2018,3153.65
05-02-2018,3103.2
06-02-2018,2997.25
07-02-2018,2955.05
08-02-2018,2974.2
09-02-2018,2971.7
12-02-2018,2967.3
14-02-2018,2911.8
15-02-2018,2925.85
16-02-2018,2933.05
19-02-2018,2923.6
20-02-2018,2944.75
21-02-2018,3042.3
22-02-2018,3050.2
23-02-2018,3075.8
26-02-2018,3031.7
27-02-2018,3042.35
28-02-2018,3035.05
01-03-2018,3037.7
05-03-2018,3105.85
06-03-2018,3042.8
07-03-2018,3027.45
08-03-2018,3003.95
09-03-2018,3034.1
12-03-2018,3052.15
13-03-2018,2886.8
14-03-2018,2886.9
15-03-2018,2869.7
16-03-2018,2825.7
19-03-2018,2831
20-03-2018,2864.85
21-03-2018,2856.75
22-03-2018,2831.35
23-03-2018,2818.15
26-03-2018,2817
27-03-2018,2847.7
28-03-2018,2849.15
02-04-2018,2909.65
03-04-2018,2911.25
04-04-2018,2910.9
05-04-2018,2957.95
06-04-2018,2950.3
09-04-2018,2923.9
10-04-2018,2937.6
11-04-2018,3014.15
12-04-2018,3139.25
13-04-2018,3153.3
16-04-2018,3187.65
17-04-2018,3166.6
18-04-2018,3159.1
19-04-2018,3191.15
20-04-2018,3402.45
23-04-2018,3408.65
24-04-2018,3385.65
25-04-2018,3470.25
26-04-2018,3539.25
27-04-2018,3451.95
30-04-2018,3532.1
02-05-2018,3499.75
03-05-2018,3481.85
04-05-2018,3480.75
07-05-2018,3420.95
08-05-2018,3441.2
09-05-2018,3489.3
10-05-2018,3451.25
11-05-2018,3456.95
14-05-2018,3433.55
15-05-2018,3482.4
16-05-2018,3493.9
17-05-2018,3491.8
18-05-2018,3502.05
21-05-2018,3556.75
22-05-2018,3508.9
23-05-2018,3495.1
24-05-2018,3603.7
25-05-2018,3585.8
28-05-2018,3502.05
29-05-2018,3523.5
30-05-2018,3514.1
31-05-2018,1741.05
01-06-2018,1732.45
04-06-2018,1744.25
05-06-2018,1721.6
06-06-2018,1725.75
07-06-2018,1735.55
08-06-2018,1747.1
11-06-2018,1749.7
12-06-2018,1781
13-06-2018,1824.1
14-06-2018,1787.55
15-06-2018,1840.05
18-06-2018,1829
19-06-2018,1824.5
20-06-2018,1822.45
21-06-2018,1819.35
22-06-2018,1809.8
25-06-2018,1819.25
26-06-2018,1852
27-06-2018,1858
28-06-2018,1842.7
29-06-2018,1847.75
02-07-2018,1851.35
03-07-2018,1874.05
04-07-2018,1866.15
05-07-2018,1880.3
06-07-2018,1912.95
09-07-2018,1883
10-07-2018,1875.1
11-07-2018,1979.9
12-07-2018,1971.35
13-07-2018,1981.1
16-07-2018,1989.2
17-07-2018,2002.15
18-07-2018,2000.25
19-07-2018,1981.4
20-07-2018,1996.6
23-07-2018,2005.65
24-07-2018,1999
25-07-2018,1981.5
26-07-2018,1964.7
27-07-2018,1943.75
30-07-2018,1944.6
31-07-2018,1940.2
01-08-2018,1976.5
02-08-2018,1948.4
03-08-2018,1979.45
06-08-2018,1975.55
07-08-2018,1967.35
08-08-2018,1974
09-08-2018,1974.35
10-08-2018,1993.1
13-08-2018,2000.15
14-08-2018,2003.55
16-08-2018,2008.5
17-08-2018,2012.75
20-08-2018,2009.95
21-08-2018,2017.65
23-08-2018,2035.1
24-08-2018,2043
27-08-2018,2050.9
28-08-2018,2069.2
29-08-2018,2072
30-08-2018,2082.4
31-08-2018,2078.4
03-09-2018,2052.9
04-09-2018,2098.9
05-09-2018,2079.25
06-09-2018,2075.3
07-09-2018,2079.85
10-09-2018,2080.75
11-09-2018,2046.25
12-09-2018,2043.95
14-09-2018,2065.4
17-09-2018,2074.15
18-09-2018,2070.75
19-09-2018,2077.9
21-09-2018,2103.15
24-09-2018,2198.45
25-09-2018,2183.2
26-09-2018,2142.15
27-09-2018,2188.85
28-09-2018,2183.7
01-10-2018,2255.55
03-10-2018,2162.85
04-10-2018,2064.8
05-10-2018,2102.65
08-10-2018,2077.55
09-10-2018,2091.8
10-10-2018,2043.6
11-10-2018,1979.95
12-10-2018,1918.3
15-10-2018,1949.5
16-10-2018,1962.3
17-10-2018,1929.4
19-10-2018,1913.2
22-10-2018,1903
23-10-2018,1843.65
24-10-2018,1848.5
25-10-2018,1853
26-10-2018,1799.1
29-10-2018,1871
30-10-2018,1894.8
31-10-2018,1938.15
01-11-2018,1935.75
02-11-2018,1913.45
05-11-2018,1890.85
06-11-2018,1932.7
07-11-2018,1942.15
09-11-2018,1909.2
12-11-2018,1914.85
13-11-2018,1934.95
14-11-2018,1880.65
15-11-2018,1872.85
16-11-2018,1886.6
19-11-2018,1902.45
20-11-2018,1878.25
21-11-2018,1812
22-11-2018,1812.55
26-11-2018,1846.1
27-11-2018,1890.25
28-11-2018,1983.9
29-11-2018,1960.55
30-11-2018,1968.25
03-12-2018,1982.4
04-12-2018,2010.85
05-12-2018,2006.75
06-12-2018,1992.7
07-12-2018,1995.2
10-12-2018,1975.8
11-12-2018,2000
12-12-2018,2016.8
13-12-2018,1982.6
14-12-2018,1989.75
17-12-2018,1994.3
18-12-2018,1987.85
19-12-2018,1968.45
20-12-2018,1954.05
21-12-2018,1895.8
24-12-2018,1918.5
26-12-2018,1889.2
27-12-2018,1908.95
28-12-2018,1896.05
31-12-2018,1893.05
01-01-2019,1902.8
02-01-2019,1923.3
03-01-2019,1899.95
04-01-2019,1876.85
07-01-2019,1897.9
08-01-2019,1893.55
09-01-2019,1886.95
10-01-2019,1888.55
11-01-2019,1842.55
14-01-2019,1813.25
15-01-2019,1867.8
16-01-2019,1870.15
17-01-2019,1894.3
18-01-2019,1900.65
21-01-2019,1908.7
22-01-2019,1901.9
23-01-2019,1875.6
24-01-2019,1901.55
25-01-2019,1920.8
28-01-2019,1955
29-01-2019,1982.75
30-01-2019,1981.4
31-01-2019,2014.1
01-02-2019,2029.95
04-02-2019,2050.25
05-02-2019,2044.55
06-02-2019,2074.8
07-02-2019,2082.9
08-02-2019,2061.4
11-02-2019,2061.4
11-02-2019,2065.9
12-02-2019,2051.6
13-02-2019,2065.4
14-02-2019,2044.6
15-02-2019,2029.7
18-02-2019,2029.7
18-02-2019,1970.3
19-02-2019,1904.8
20-02-2019,1914.75
21-02-2019,1914.2
22-02-2019,1925.65
25-02-2019,1925.65
25-02-2019,1985.15
26-02-2019,2038.7
27-02-2019,2058.1
28-02-2019,1983.45
01-03-2019,1995.4
05-03-2019,1988.1
06-03-2019,1999.6
07-03-2019,2013.3
08-03-2019,2022.7
11-03-2019,2014.8
12-03-2019,2012.45
13-03-2019,2000.5
14-03-2019,1987.4
15-03-2019,2039.95
18-03-2019,2022.8
19-03-2019,2022.8
20-03-2019,2015.05
22-03-2019,2015.05
22-03-2019,2005.65
25-03-2019,1984.25
26-03-2019,1982.65
27-03-19,1967.9
28-03-19,2000.3
29-03-19,2001.65
01-04-19,2031.65
02-04-19,2079.3
03-04-19,2079.3
04-04-19,2014.5
05-04-19,2048.3
